year	agency	locality	industry	funding
2012	Dept of Health and Human Services	ALL	ADMINISTRATIVE MANAGEMENT AND GENERAL MANAGEMENT CONSULTING SERVICES	145000
2013	Dept of Health and Human Services	ALL	ALL	581215.6
2014	ALL	Chesapeake	REMEDIATION SERVICES	1390188.54
2012	Dept of Defense	ALL	COMMERCIAL AND INSTITUTIONAL BUILDING CONSTRUCTION	203382103.07
2014	ALL	Newport News	CUSTOM COMPUTER PROGRAMMING SERVICES	37639.44
2012	Dept of Homeland Security	ALL	ALL OTHER INFORMATION SERVICES	30085
2011	ALL	Virginia Beach	OTHER MISCELLANEOUS DURABLE GOODS MERCHANT WHOLESALERS	13000
2012	ALL	Williamsburg	COMMERCIAL AND INSTITUTIONAL BUILDING CONSTRUCTION	35780
2013	Dept of Homeland Security	ALL	ALL OTHER INFORMATION SERVICES	57726
2013	ALL	Newport News	SEARCH, DETECTION, NAVIGATION, GUIDANCE, AERONAUTICAL, AND NAUTICAL SYSTEM AND INSTRUMENT MANUFACTURING	2658726
2012	ALL	Norfolk	COMPUTER SYSTEMS DESIGN SERVICES	500000
2014	ALL	Chesapeake	ALL OTHER PROFESSIONAL, SCIENTIFIC, AND TECHNICAL SERVICES	203333
2012	ALL	Williamsburg	RESEARCH AND DEVELOPMENT IN THE PHYSICAL, ENGINEERING, AND LIFE SCIENCES (EXCEPT BIOTECHNOLOGY)	75878
2013	ALL	Newport News	OTHER AIRCRAFT PARTS AND AUXILIARY EQUIPMENT MANUFACTURING	267411.7
2014	ALL	Newport News	ALL OTHER PROFESSIONAL, SCIENTIFIC, AND TECHNICAL SERVICES	2870871.61
2011	Dept of Defense	Chesapeake	ALL	4654034.17
2011	ALL	ALL	PUMP AND PUMPING EQUIPMENT MANUFACTURING	40460
2012	Dept of Defense	ALL	OTHER APPAREL ACCESSORIES AND OTHER APPAREL MANUFACTURING	129875.48
2011	ALL	Hampton	ADMINISTRATIVE MANAGEMENT AND GENERAL MANAGEMENT CONSULTING SERVICES	39655368.03
2014	Dept of Defense	ALL	WIRED TELECOMMUNICATIONS CARRIERS	6513117.28
2014	Dept of Defense	ALL	ELECTRONIC COMPUTER MANUFACTURING	669230
2011	ALL	Hampton	OTHER COMPUTER RELATED SERVICES	24756355.63
2014	Dept of Commerce	Newport News	ALL	26000
2011	Dept of Defense	ALL	REMEDIATION SERVICES	3165729.4
2012	Dept of Defense	ALL	ELECTRONIC CONNECTOR MANUFACTURING	184482.4
2011	ALL	Virginia Beach	RESEARCH AND DEVELOPMENT IN THE PHYSICAL, ENGINEERING, AND LIFE SCIENCES (EXCEPT BIOTECHNOLOGY)	784785.3
2014	Dept of Defense	ALL	INDUSTRIAL BUILDING CONSTRUCTION	318867
2012	ALL	ALL	REMEDIATION SERVICES	1672188.92
2013	Dept of Defense	ALL	ALL OTHER TELECOMMUNICATIONS	279250.9
2012	ALL	Norfolk	COMMERCIAL AND INSTITUTIONAL BUILDING CONSTRUCTION	157541862.31
2013	ALL	Suffolk	ADMINISTRATIVE MANAGEMENT AND GENERAL MANAGEMENT CONSULTING SERVICES	5375
2012	ALL	ALL	ELECTRONIC CONNECTOR MANUFACTURING	184482.4
2012	ALL	Hampton	REMEDIATION SERVICES	146853.92
2014	ALL	Chesapeake	OTHER COMPUTER RELATED SERVICES	577036.11
2014	ALL	Newport News	WIRED TELECOMMUNICATIONS CARRIERS	3803634.28
2011	Dept of Defense	ALL	OTHER MISCELLANEOUS DURABLE GOODS MERCHANT WHOLESALERS	13000
2011	Dept of Defense	ALL	ALL OTHER SUPPORT SERVICES	215037
2011	ALL	ALL	ENGINEERING SERVICES	39827250.35
2014	ALL	ALL	ALL OTHER MISCELLANEOUS AMBULATORY HEALTH CARE SERVICES	141488.64
2012	ALL	Norfolk	OTHER SCIENTIFIC AND TECHNICAL CONSULTING SERVICES	782051.96
2014	Dept of Defense	ALL	OTHER AIRCRAFT PARTS AND AUXILIARY EQUIPMENT MANUFACTURING	423407
2014	Dept of Defense	ALL	ALL	2509325917.03
2012	ALL	Newport News	OTHER COMPUTER RELATED SERVICES	206275.56
2012	Dept of Homeland Security	ALL	ALL	1686223.34
2012	ALL	York	RESEARCH AND DEVELOPMENT IN THE PHYSICAL, ENGINEERING, AND LIFE SCIENCES (EXCEPT BIOTECHNOLOGY)	379461.41
2013	ALL	Norfolk	INDUSTRIAL BUILDING CONSTRUCTION	32442
2014	Dept of Defense	Hampton	ALL	4488622.85
2013	Dept of Defense	ALL	ALL OTHER PROFESSIONAL, SCIENTIFIC, AND TECHNICAL SERVICES	3922591.25
2013	Dept of Defense	ALL	ALL	437770781.29
2014	ALL	Suffolk	OTHER COMMERCIAL AND SERVICE INDUSTRY MACHINERY MANUFACTURING	106841
2012	ALL	ALL	SMALL ARMS MANUFACTURING	178836.18
2012	ALL	Newport News	GENERAL LINE GROCERY MERCHANT WHOLESALERS	9623.88
2013	Dept of Defense	ALL	COMMERCIAL AND INSTITUTIONAL BUILDING CONSTRUCTION	94341632.39
2011	National Aeronautics and Space Administration	Virginia Beach	ALL	568638
2011	ALL	Norfolk	ENGINEERING SERVICES	6936084.95
2013	National Aeronautics and Space Administration	Hampton	ALL	11117133.69
2011	Environmental Protection Agency	Norfolk	ALL	558273.49
2012	ALL	Norfolk	INDEPENDENT ARTISTS, WRITERS, AND PERFORMERS	40571.55
2013	National Aeronautics and Space Administration	York	ALL	216529
2014	ALL	Virginia Beach	REMEDIATION SERVICES	102550
2011	ALL	ALL	RESEARCH AND DEVELOPMENT IN BIOTECHNOLOGY	200684
2014	ALL	Virginia Beach	ALL OTHER SUPPORT SERVICES	1252031
2013	Dept of Homeland Security	Portsmouth	ALL	17248741.97
2013	Dept of Homeland Security	Virginia Beach	ALL	946732.00
2013	ALL	Norfolk	ELECTRONIC CONNECTOR MANUFACTURING	62612.16
2013	ALL	Virginia Beach	RESEARCH AND DEVELOPMENT IN THE PHYSICAL, ENGINEERING, AND LIFE SCIENCES (EXCEPT BIOTECHNOLOGY)	6723710.46
2014	Dept of Defense	ALL	COMPUTER AND SOFTWARE STORES	338399
2011	Dept of Defense	ALL	ELECTRONIC COMPUTER MANUFACTURING	1105072.09
2011	ALL	Suffolk	ENGINEERING SERVICES	1646122.15
2014	ALL	Chesapeake	OTHER SCIENTIFIC AND TECHNICAL CONSULTING SERVICES	3917966.66
2013	ALL	Chesapeake	SHIP BUILDING AND REPAIRING	31586993.93
2012	Dept of Transportation	ALL	ALL	20067
2012	Dept of Defense	ALL	PUMP AND PUMPING EQUIPMENT MANUFACTURING	41090
2014	ALL	Newport News	ENGINEERING SERVICES	5882865.53
2013	ALL	Chesapeake	WIRED TELECOMMUNICATIONS CARRIERS	105258.16
2012	ALL	Hampton	RESEARCH AND DEVELOPMENT IN THE PHYSICAL, ENGINEERING, AND LIFE SCIENCES (EXCEPT BIOTECHNOLOGY)	22029197.40
2011	ALL	Hampton	REMEDIATION SERVICES	2613526.4
2012	ALL	Virginia Beach	SMALL ARMS MANUFACTURING	178836.18
2013	ALL	Poquoson	ALL	120877.72
2012	ALL	ALL	ENGINEERING SERVICES	37252986.15
2014	ALL	Virginia Beach	SHIP BUILDING AND REPAIRING	38350890.73
2013	Dept of Defense	ALL	RADIO AND TELEVISION BROADCASTING AND WIRELESS COMMUNICATIONS EQUIPMENT MANUFACTURING	8719387.33
2011	Dept of Defense	ALL	SPORTING AND ATHLETIC GOODS MANUFACTURING	90370.5
2014	Dept of Defense	Norfolk	ALL	1146381255.78
2012	ALL	ALL	SEARCH, DETECTION, NAVIGATION, GUIDANCE, AERONAUTICAL, AND NAUTICAL SYSTEM AND INSTRUMENT MANUFACTURING	86270.02
2011	Dept of Defense	ALL	CUSTOM COMPUTER PROGRAMMING SERVICES	26836765
2012	ALL	Virginia Beach	OTHER COMPUTER RELATED SERVICES	915029.28
2012	Dept of Homeland Security	ALL	COMMERCIAL AND INSTITUTIONAL BUILDING CONSTRUCTION	517000
2012	Dept of Commerce	Gloucester	ALL	92400
2014	ALL	Virginia Beach	RESEARCH AND DEVELOPMENT IN THE PHYSICAL, ENGINEERING, AND LIFE SCIENCES (EXCEPT BIOTECHNOLOGY)	3307350.58
2011	Dept of Defense	Portsmouth	ALL	5998560.07
2011	ALL	Norfolk	SHIP BUILDING AND REPAIRING	21346393.20
2014	Dept of Homeland Security	Virginia Beach	ALL	110560
2013	ALL	Virginia Beach	COMPUTER SYSTEMS DESIGN SERVICES	1360470.01
2014	ALL	Chesapeake	CUSTOM COMPUTER PROGRAMMING SERVICES	2318120.48
2012	ALL	ALL	SURGICAL APPLIANCE AND SUPPLIES MANUFACTURING	48000
2012	ALL	Hampton	ELECTRICAL CONTRACTORS AND OTHER WIRING INSTALLATION CONTRACTORS	350650
2012	Dept of Homeland Security	York	ALL	517000
2013	ALL	ALL	ENGINEERING SERVICES	31361719.92
2011	ALL	ALL	COLLEGES, UNIVERSITIES, AND PROFESSIONAL SCHOOLS	60000
2013	ALL	ALL	OTHER COMPUTER RELATED SERVICES	12581243.12
2011	ALL	ALL	HIGHWAY, STREET, AND BRIDGE CONSTRUCTION	1153065.33
2011	ALL	ALL	POWER AND COMMUNICATION LINE AND RELATED STRUCTURES CONSTRUCTION	1192116
2011	ALL	ALL	SPORTING AND ATHLETIC GOODS MANUFACTURING	90370.5
2011	ALL	Virginia Beach	RESEARCH AND DEVELOPMENT IN BIOTECHNOLOGY	200684
2014	ALL	Chesapeake	RADIO AND TELEVISION BROADCASTING AND WIRELESS COMMUNICATIONS EQUIPMENT MANUFACTURING	46500
2014	Dept of Veterans Affairs	ALL	CUSTOM COMPUTER PROGRAMMING SERVICES	2273929.48
2012	Dept of Defense	Suffolk	ALL	1603589.81
2012	ALL	ALL	RESEARCH AND DEVELOPMENT IN THE PHYSICAL, ENGINEERING, AND LIFE SCIENCES	6812861
2012	Dept of Defense	ALL	ALL OTHER MISCELLANEOUS ELECTRICAL EQUIPMENT AND COMPONENT MANUFACTURING	78311.68
2014	ALL	Hampton	RESEARCH AND DEVELOPMENT IN THE PHYSICAL, ENGINEERING, AND LIFE SCIENCES (EXCEPT BIOTECHNOLOGY)	5436640.08
2014	ALL	Chesapeake	ENGINEERING SERVICES	6081668.90
2011	ALL	Hampton	SOFTWARE PUBLISHERS	48739
2014	Dept of Defense	ALL	FLIGHT TRAINING	4046012
2012	ALL	Newport News	ALL	38512836.35
2011	Dept of Defense	ALL	FACILITIES SUPPORT SERVICES	722000
2013	ALL	Hampton	RESEARCH AND DEVELOPMENT IN THE PHYSICAL, ENGINEERING, AND LIFE SCIENCES (EXCEPT BIOTECHNOLOGY)	7409351.38
2013	Dept of Defense	ALL	ALL OTHER SUPPORT SERVICES	1386636.54
2014	ALL	Newport News	ELECTRONIC CONNECTOR MANUFACTURING	49917.13
2013	ALL	Hampton	WIRED TELECOMMUNICATIONS CARRIERS	362000
2012	ALL	Hampton	COMMERCIAL AND INSTITUTIONAL BUILDING CONSTRUCTION	34000
2014	Dept of Defense	ALL	PROCESS, PHYSICAL DISTRIBUTION, AND LOGISTICS CONSULTING SERVICES	1540700
2013	ALL	Chesapeake	COMMERCIAL AND INSTITUTIONAL BUILDING CONSTRUCTION	2601310
2014	ALL	Portsmouth	OTHER COMPUTER RELATED SERVICES	967443.34
2013	ALL	Virginia Beach	OTHER MANAGEMENT CONSULTING SERVICES	159897.6
2013	ALL	Virginia Beach	OTHER AIRCRAFT PARTS AND AUXILIARY EQUIPMENT MANUFACTURING	726904
2013	Dept of Defense	Williamsburg	ALL	395992
2012	ALL	Chesapeake	OTHER HEAVY AND CIVIL ENGINEERING CONSTRUCTION	280689.6
2012	Dept of Defense	Williamsburg	ALL	1306066
2012	Dept of Defense	ALL	MEDICAL, DENTAL, AND HOSPITAL EQUIPMENT AND SUPPLIES MERCHANT WHOLESALERS	1128636.61
2013	Dept of Defense	Norfolk	ALL	105396495.80
2013	ALL	Hampton	ALL OTHER MISCELLANEOUS AMBULATORY HEALTH CARE SERVICES	32215.04
2012	ALL	York	ALL	3088023.84
2012	ALL	ALL	ALL OTHER INFORMATION SERVICES	30085
2012	ALL	Hampton	COMPUTER SYSTEMS DESIGN SERVICES	661048.32
2013	ALL	ALL	PROFESSIONAL AND MANAGEMENT DEVELOPMENT TRAINING	14075082.89
2011	Dept of Defense	Norfolk	ALL	44537257.48
2013	ALL	Virginia Beach	TESTING LABORATORIES	481.55
2012	ALL	Virginia Beach	SURGICAL APPLIANCE AND SUPPLIES MANUFACTURING	48000
2012	ALL	ALL	FACILITIES SUPPORT SERVICES	380723.20
2012	ALL	Virginia Beach	OTHER HEAVY AND CIVIL ENGINEERING CONSTRUCTION	28309
2012	ALL	ALL	SHIP BUILDING AND REPAIRING	61166269.24
2014	ALL	Suffolk	MEDICAL, DENTAL, AND HOSPITAL EQUIPMENT AND SUPPLIES MERCHANT WHOLESALERS	91201.32
2012	ALL	Hampton	ALL	34310376.03
2014	ALL	ALL	WIRED TELECOMMUNICATIONS CARRIERS	6513117.28
2013	Dept of Homeland Security	ALL	ALL	25626445.97
2011	National Aeronautics and Space Administration	Newport News	ALL	2189414.21
2012	ALL	ALL	RESEARCH AND DEVELOPMENT IN THE PHYSICAL, ENGINEERING, AND LIFE SCIENCES (EXCEPT BIOTECHNOLOGY)	30325297.20
2014	ALL	ALL	ALL	2520908393.62
2011	ALL	ALL	ELECTRONIC COMPUTER MANUFACTURING	1105072.09
2014	Dept of Homeland Security	ALL	OTHER COMPUTER RELATED SERVICES	967443.34
2013	Dept of Defense	ALL	WIRED TELECOMMUNICATIONS CARRIERS	2490946.68
2012	Dept of Homeland Security	ALL	TESTING LABORATORIES	32
2012	ALL	Suffolk	RESEARCH AND DEVELOPMENT IN THE PHYSICAL, ENGINEERING, AND LIFE SCIENCES (EXCEPT BIOTECHNOLOGY)	1301509.28
2013	ALL	Portsmouth	RADIO AND TELEVISION BROADCASTING AND WIRELESS COMMUNICATIONS EQUIPMENT MANUFACTURING	15964502.25
2014	National Aeronautics and Space Administration	ALL	ADMINISTRATIVE MANAGEMENT AND GENERAL MANAGEMENT CONSULTING SERVICES	298750
2011	ALL	Chesapeake	ENGINEERING SERVICES	2047379.17
2013	ALL	Virginia Beach	SWITCHGEAR AND SWITCHBOARD APPARATUS MANUFACTURING	150005
2014	Dept of Defense	ALL	ALL OTHER SUPPORT SERVICES	1546200
2012	Dept of Defense	ALL	GENERAL LINE GROCERY MERCHANT WHOLESALERS	9623.88
2011	Dept of Defense	ALL	PUMP AND PUMPING EQUIPMENT MANUFACTURING	40460
2014	Dept of Defense	ALL	REMEDIATION SERVICES	1492738.54
2012	Dept of Defense	ALL	COMPUTER AND COMPUTER PERIPHERAL EQUIPMENT AND SOFTWARE MERCHANT WHOLESALERS	369798.66
2014	Dept of Defense	ALL	CUSTOM COMPUTER PROGRAMMING SERVICES	178231.09
2011	ALL	Hampton	COLLEGES, UNIVERSITIES, AND PROFESSIONAL SCHOOLS	60000
2011	ALL	Virginia Beach	ENVIRONMENTAL CONSULTING SERVICES	112375.36
2013	ALL	Virginia Beach	RESEARCH AND DEVELOPMENT IN THE PHYSICAL, ENGINEERING, AND LIFE SCIENCES	398965
2013	ALL	Hampton	SEARCH, DETECTION, NAVIGATION, GUIDANCE, AERONAUTICAL, AND NAUTICAL SYSTEM AND INSTRUMENT MANUFACTURING	322871.85
2012	ALL	Portsmouth	SHIP BUILDING AND REPAIRING	3697425.31
2013	ALL	Portsmouth	ALL OTHER PROFESSIONAL, SCIENTIFIC, AND TECHNICAL SERVICES	124259
2012	ALL	ALL	COMPUTER AND COMPUTER PERIPHERAL EQUIPMENT AND SOFTWARE MERCHANT WHOLESALERS	369798.66
2011	Dept of Defense	Hampton	ALL	45083964.49
2013	ALL	ALL	ALL OTHER PROFESSIONAL, SCIENTIFIC, AND TECHNICAL SERVICES	3922591.25
2013	ALL	Gloucester	RESEARCH AND DEVELOPMENT IN THE PHYSICAL, ENGINEERING, AND LIFE SCIENCES (EXCEPT BIOTECHNOLOGY)	328780.8
2014	ALL	Norfolk	COMPUTER AND SOFTWARE STORES	338399
2014	ALL	Virginia Beach	ARCHITECTURAL SERVICES	182740
2014	ALL	Gloucester	TESTING LABORATORIES	-4184.8
2012	ALL	Chesapeake	REMEDIATION SERVICES	1525335.00
2012	National Aeronautics and Space Administration	Hampton	ALL	23643263.96
2013	National Aeronautics and Space Administration	ALL	RESEARCH AND DEVELOPMENT IN THE PHYSICAL, ENGINEERING, AND LIFE SCIENCES (EXCEPT BIOTECHNOLOGY)	2766529.13
2013	ALL	ALL	COMMERCIAL AND INSTITUTIONAL BUILDING CONSTRUCTION	101714878.39
2012	Dept of Defense	ALL	OTHER COMPUTER PERIPHERAL EQUIPMENT MANUFACTURING	33002.71
2012	Dept of Defense	ALL	OTHER COMMERCIAL AND SERVICE INDUSTRY MACHINERY MANUFACTURING	44394.11
2014	Dept of Defense	ALL	OTHER HEAVY AND CIVIL ENGINEERING CONSTRUCTION	468522.76
2013	ALL	Norfolk	ENVIRONMENTAL CONSULTING SERVICES	176554
2013	Dept of Defense	ALL	OIL AND GAS PIPELINE AND RELATED STRUCTURES CONSTRUCTION	1729276.84
2013	ALL	ALL	RADIO AND TELEVISION BROADCASTING AND WIRELESS COMMUNICATIONS EQUIPMENT MANUFACTURING	22547079.58
2011	Dept of Defense	ALL	RESEARCH AND DEVELOPMENT IN THE PHYSICAL, ENGINEERING, AND LIFE SCIENCES (EXCEPT BIOTECHNOLOGY)	7248462.42
2011	ALL	ALL	SMALL ARMS MANUFACTURING	31547.67
2013	ALL	Newport News	INDUSTRIAL DESIGN SERVICES	48495
2014	ALL	Norfolk	PROCESS, PHYSICAL DISTRIBUTION, AND LOGISTICS CONSULTING SERVICES	1540700
2012	ALL	Virginia Beach	ALL	49220431.86
2011	ALL	Newport News	OTHER COMPUTER RELATED SERVICES	232908.76
2013	Dept of State	ALL	COMPUTER SYSTEMS DESIGN SERVICES	495528.75
2012	ALL	ALL	PUMP AND PUMPING EQUIPMENT MANUFACTURING	41090
2012	Dept of Defense	ALL	OIL AND GAS PIPELINE AND RELATED STRUCTURES CONSTRUCTION	2213323.16
2013	ALL	York	PROFESSIONAL AND MANAGEMENT DEVELOPMENT TRAINING	442135
2012	ALL	Hampton	COLLEGES, UNIVERSITIES, AND PROFESSIONAL SCHOOLS	102000
2012	National Aeronautics and Space Administration	ALL	COMPUTER SYSTEMS DESIGN SERVICES	166299
2012	Dept of Homeland Security	ALL	COMPUTER SYSTEMS DESIGN SERVICES	54716
2013	Dept of State	Norfolk	ALL	495528.75
2012	ALL	Chesapeake	COMMERCIAL AND INSTITUTIONAL BUILDING CONSTRUCTION	2332496
2012	Dept of Defense	ALL	RESEARCH AND DEVELOPMENT IN THE SOCIAL SCIENCES AND HUMANITIES	270000
2014	ALL	Newport News	COMPUTER SYSTEMS DESIGN SERVICES	22584346.37
2012	Dept of Defense	ALL	COLLEGES, UNIVERSITIES, AND PROFESSIONAL SCHOOLS	102000
2013	Dept of Defense	ALL	ENGINEERING SERVICES	30818245.76
2014	ALL	ALL	OTHER AIRCRAFT PARTS AND AUXILIARY EQUIPMENT MANUFACTURING	423407
2011	ALL	ALL	SEARCH, DETECTION, NAVIGATION, GUIDANCE, AERONAUTICAL, AND NAUTICAL SYSTEM AND INSTRUMENT MANUFACTURING	104940.67
2014	Dept of Health and Human Services	ALL	COMPUTER SYSTEMS DESIGN SERVICES	464156
2014	ALL	Virginia Beach	ADMINISTRATIVE MANAGEMENT AND GENERAL MANAGEMENT CONSULTING SERVICES	1773932.8
2014	ALL	Virginia Beach	ALL	81132356.26
2011	Dept of Defense	ALL	RESEARCH AND DEVELOPMENT IN BIOTECHNOLOGY	200684
2011	ALL	Chesapeake	COMMERCIAL AND INSTITUTIONAL BUILDING CONSTRUCTION	1007647
2013	ALL	Norfolk	FACILITIES SUPPORT SERVICES	4294877.85
2012	ALL	Chesapeake	COMPUTER SYSTEMS DESIGN SERVICES	398574
2013	ALL	ALL	OTHER MANAGEMENT CONSULTING SERVICES	159897.6
2013	Dept of Homeland Security	ALL	ENGINEERING SERVICES	543474.16
2014	Dept of Defense	ALL	ADMINISTRATIVE MANAGEMENT AND GENERAL MANAGEMENT CONSULTING SERVICES	794574.32
2011	ALL	Norfolk	COMPUTER SYSTEMS DESIGN SERVICES	558273.49
2013	ALL	Norfolk	COMMERCIAL AND INSTITUTIONAL BUILDING CONSTRUCTION	36578319.48
2012	ALL	Norfolk	PUMP AND PUMPING EQUIPMENT MANUFACTURING	41090
2013	ALL	Virginia Beach	ELECTRONIC CONNECTOR MANUFACTURING	1347325.24
2014	Dept of Defense	ALL	COMMERCIAL AND INSTITUTIONAL BUILDING CONSTRUCTION	36596717.15
2011	ALL	Hampton	CUSTOM COMPUTER PROGRAMMING SERVICES	883535
2012	ALL	ALL	CUSTOM COMPUTER PROGRAMMING SERVICES	115535
2013	ALL	ALL	ALL OTHER INFORMATION SERVICES	57726
2012	Dept of Defense	ALL	WIRED TELECOMMUNICATIONS CARRIERS	222536
2013	ALL	Suffolk	COLLEGES, UNIVERSITIES, AND PROFESSIONAL SCHOOLS	147587
2014	ALL	York	COMMERCIAL AND INSTITUTIONAL BUILDING CONSTRUCTION	593224.33
2011	ALL	Portsmouth	ALL	5998560.07
2014	ALL	ALL	SEARCH, DETECTION, NAVIGATION, GUIDANCE, AERONAUTICAL, AND NAUTICAL SYSTEM AND INSTRUMENT MANUFACTURING	110056.34
2014	Dept of Defense	York	ALL	5503542.51
2013	ALL	Norfolk	OTHER COMPUTER RELATED SERVICES	383334.36
2011	ALL	ALL	REMEDIATION SERVICES	3165729.4
2012	ALL	Norfolk	ENGINEERING SERVICES	13857093.55
2013	ALL	Gloucester	ALL	328810.8
2013	Dept of Defense	ALL	SURGICAL APPLIANCE AND SUPPLIES MANUFACTURING	107161.20
2012	Dept of Defense	ALL	COMPUTER SYSTEMS DESIGN SERVICES	1642590.96
2011	ALL	Hampton	WIRED TELECOMMUNICATIONS CARRIERS	321292
2013	ALL	ALL	ALL OTHER TELECOMMUNICATIONS	279250.9
2014	Dept of Defense	ALL	ALL OTHER MISCELLANEOUS AMBULATORY HEALTH CARE SERVICES	141488.64
2011	ALL	Norfolk	INDUSTRIAL BUILDING CONSTRUCTION	204452
2013	ALL	Newport News	ALL OTHER PROFESSIONAL, SCIENTIFIC, AND TECHNICAL SERVICES	1187928.49
2013	ALL	Suffolk	MEDICAL, DENTAL, AND HOSPITAL EQUIPMENT AND SUPPLIES MERCHANT WHOLESALERS	163485.52
2011	Dept of Defense	ALL	BOOK PUBLISHERS	138922
2013	ALL	Virginia Beach	ALL OTHER PROFESSIONAL, SCIENTIFIC, AND TECHNICAL SERVICES	2246407.76
2013	Dept of Defense	ALL	ELECTRONIC COMPUTER MANUFACTURING	153412.7
2011	ALL	Hampton	COMMERCIAL AND INSTITUTIONAL BUILDING CONSTRUCTION	85085
2012	ALL	Chesapeake	ENGINEERING SERVICES	3549668.22
2012	Dept of Defense	ALL	ALL	341537425.44
2014	Dept of Veterans Affairs	Virginia Beach	ALL	163298
2012	National Aeronautics and Space Administration	ALL	OTHER COMPUTER RELATED SERVICES	1384515.13
2014	ALL	Chesapeake	SHIP BUILDING AND REPAIRING	232766696.52
2012	Dept of Health and Human Services	Chesapeake	ALL	97154.08
2014	Dept of Veterans Affairs	ALL	COMPUTER SYSTEMS DESIGN SERVICES	163298
2013	ALL	Norfolk	ARCHITECTURAL SERVICES	132104.75
2014	Dept of Defense	Newport News	ALL	76674369.87
2011	ALL	Virginia Beach	ALL OTHER SPECIALTY TRADE CONTRACTORS	60508
2014	Dept of Defense	ALL	RADIO AND TELEVISION BROADCASTING AND WIRELESS COMMUNICATIONS EQUIPMENT MANUFACTURING	601990.96
2013	ALL	ALL	FACILITIES SUPPORT SERVICES	4549577.97
2013	ALL	Virginia Beach	OTHER HEAVY AND CIVIL ENGINEERING CONSTRUCTION	3590050.98
2014	ALL	Virginia Beach	OTHER SUPPORT ACTIVITIES FOR AIR TRANSPORTATION	305542.5
2014	ALL	Portsmouth	COMMERCIAL AND INSTITUTIONAL BUILDING CONSTRUCTION	348305
2013	Dept of Defense	ALL	COLLEGES, UNIVERSITIES, AND PROFESSIONAL SCHOOLS	188241
2013	ALL	Williamsburg	ENVIRONMENTAL CONSULTING SERVICES	176601
2011	ALL	Hampton	SHIP BUILDING AND REPAIRING	48949.92
2013	ALL	Virginia Beach	SEARCH, DETECTION, NAVIGATION, GUIDANCE, AERONAUTICAL, AND NAUTICAL SYSTEM AND INSTRUMENT MANUFACTURING	51567.47
2011	ALL	Virginia Beach	PROFESSIONAL AND MANAGEMENT DEVELOPMENT TRAINING	892842.5
2012	Dept of Defense	ALL	OTHER HEAVY AND CIVIL ENGINEERING CONSTRUCTION	308998.6
2012	ALL	ALL	OTHER COMPUTER RELATED SERVICES	2735493.22
2014	ALL	Newport News	ALL	76700369.87
2012	ALL	Newport News	FACILITIES SUPPORT SERVICES	380723.20
2014	ALL	Suffolk	ENGINEERING SERVICES	172372.50
2011	ALL	Virginia Beach	SPORTING AND ATHLETIC GOODS MANUFACTURING	90370.5
2011	ALL	Norfolk	OTHER COMPUTER RELATED SERVICES	366324
2013	ALL	York	ALL	28634638.79
2013	ALL	Norfolk	OTHER HEAVY AND CIVIL ENGINEERING CONSTRUCTION	3885103.81
2012	Dept of Defense	ALL	ELECTRONIC COMPUTER MANUFACTURING	194408
2011	ALL	Newport News	ENGINEERING SERVICES	6686780
2013	ALL	York	ALL OTHER PROFESSIONAL, SCIENTIFIC, AND TECHNICAL SERVICES	363996
2012	ALL	Suffolk	ALL	1603589.81
2011	ALL	Newport News	RESEARCH AND DEVELOPMENT IN THE PHYSICAL, ENGINEERING, AND LIFE SCIENCES (EXCEPT BIOTECHNOLOGY)	4126463.21
2011	ALL	ALL	TELEPHONE APPARATUS MANUFACTURING	2268244.04
2011	ALL	Chesapeake	REMEDIATION SERVICES	552203.0
2013	ALL	Chesapeake	ALL	44464137.48
2013	ALL	ALL	ARCHITECTURAL SERVICES	221493.75
2011	Dept of Defense	ALL	COMPUTER AND COMPUTER PERIPHERAL EQUIPMENT AND SOFTWARE MERCHANT WHOLESALERS	60387.71
2011	ALL	Portsmouth	COMMERCIAL AND INSTITUTIONAL BUILDING CONSTRUCTION	264057
2011	ALL	Newport News	ALL OTHER PROFESSIONAL, SCIENTIFIC, AND TECHNICAL SERVICES	5564975
2012	ALL	ALL	ELECTRICAL CONTRACTORS AND OTHER WIRING INSTALLATION CONTRACTORS	860218
2012	ALL	Newport News	RESEARCH AND DEVELOPMENT IN THE PHYSICAL, ENGINEERING, AND LIFE SCIENCES	5387459
2013	ALL	ALL	ENVIRONMENTAL CONSULTING SERVICES	353155
2014	ALL	ALL	SHIP BUILDING AND REPAIRING	2060737173.91
2014	ALL	Virginia Beach	ENGINEERING SERVICES	17578568.87
2013	ALL	Norfolk	ENGINEERING SERVICES	1084663.16
2014	ALL	ALL	FLIGHT TRAINING	4046012
2014	ALL	ALL	PUMP AND PUMPING EQUIPMENT MANUFACTURING	33495
2013	ALL	Portsmouth	SHIP BUILDING AND REPAIRING	56580134.47
2012	ALL	Norfolk	SHOWCASE, PARTITION, SHELVING, AND LOCKER MANUFACTURING	27122
2012	ALL	ALL	OTHER COMPUTER PERIPHERAL EQUIPMENT MANUFACTURING	33002.71
2011	ALL	Hampton	COMPUTER SYSTEMS DESIGN SERVICES	228063.75
2014	ALL	Chesapeake	COMPUTER FACILITIES MANAGEMENT SERVICES	564489.36
2014	ALL	Suffolk	ALL	1778548.82
2014	ALL	Virginia Beach	COMPUTER SYSTEMS DESIGN SERVICES	1453016.57
2012	ALL	Virginia Beach	WIRED TELECOMMUNICATIONS CARRIERS	41541
2013	Dept of Defense	ALL	ELECTRONIC CONNECTOR MANUFACTURING	1675646.82
2013	ALL	Chesapeake	PROFESSIONAL AND MANAGEMENT DEVELOPMENT TRAINING	275572.75
2013	Dept of Defense	ALL	OTHER SCIENTIFIC AND TECHNICAL CONSULTING SERVICES	3806782.38
2012	ALL	Virginia Beach	RADIO AND TELEVISION BROADCASTING AND WIRELESS COMMUNICATIONS EQUIPMENT MANUFACTURING	1908163.15
2011	ALL	Hampton	COMPUTER AND COMPUTER PERIPHERAL EQUIPMENT AND SOFTWARE MERCHANT WHOLESALERS	27385
2012	Dept of Transportation	ALL	WATER SUPPLY AND IRRIGATION SYSTEMS	20067
2012	ALL	Newport News	ALL OTHER INFORMATION SERVICES	30085
2012	ALL	ALL	ALL OTHER MISCELLANEOUS AMBULATORY HEALTH CARE SERVICES	972157.2
2011	ALL	ALL	WATER AND SEWER LINE AND RELATED STRUCTURES CONSTRUCTION	1643671
2012	ALL	ALL	COLLEGES, UNIVERSITIES, AND PROFESSIONAL SCHOOLS	102000
2013	ALL	Hampton	SHIP BUILDING AND REPAIRING	2238649.18
2013	ALL	Virginia Beach	INDUSTRIAL BUILDING CONSTRUCTION	79812
2014	ALL	ALL	REMEDIATION SERVICES	1492738.54
2014	ALL	Norfolk	ALL OTHER SUPPORT SERVICES	294169
2014	ALL	ALL	CUSTOM COMPUTER PROGRAMMING SERVICES	2452160.57
2012	ALL	Chesapeake	SEARCH, DETECTION, NAVIGATION, GUIDANCE, AERONAUTICAL, AND NAUTICAL SYSTEM AND INSTRUMENT MANUFACTURING	60962
2011	ALL	Newport News	COMPUTER SYSTEMS DESIGN SERVICES	70633.92
2011	ALL	York	FACILITIES SUPPORT SERVICES	722000
2012	ALL	Virginia Beach	RESEARCH AND DEVELOPMENT IN THE PHYSICAL, ENGINEERING, AND LIFE SCIENCES	1140090
2011	ALL	Norfolk	OTHER HEAVY AND CIVIL ENGINEERING CONSTRUCTION	469652.81
2014	ALL	ALL	OTHER ELECTRONIC COMPONENT MANUFACTURING	42600
2012	Dept of Homeland Security	ALL	ENGINEERING SERVICES	543390.34
2013	ALL	Virginia Beach	OTHER ELECTRONIC COMPONENT MANUFACTURING	59100
2014	Dept of Defense	ALL	SEARCH, DETECTION, NAVIGATION, GUIDANCE, AERONAUTICAL, AND NAUTICAL SYSTEM AND INSTRUMENT MANUFACTURING	110056.34
2012	Dept of Defense	Portsmouth	ALL	6748813.60
2014	ALL	Gloucester	ALL	-4184.8
2013	ALL	Poquoson	RESEARCH AND DEVELOPMENT IN THE PHYSICAL, ENGINEERING, AND LIFE SCIENCES (EXCEPT BIOTECHNOLOGY)	120877.72
2013	ALL	Virginia Beach	FACILITIES SUPPORT SERVICES	254700.12
2013	ALL	ALL	OTHER BUILDING EQUIPMENT CONTRACTORS	32758.92
2013	ALL	Virginia Beach	ENGINEERING SERVICES	25403586.11
2013	ALL	ALL	MILITARY ARMORED VEHICLE, TANK, AND TANK COMPONENT MANUFACTURING	857544.40
2011	Dept of Defense	ALL	ALL OTHER MOTOR VEHICLE DEALERS	17980902
2013	Dept of Defense	ALL	RESEARCH AND DEVELOPMENT IN THE PHYSICAL, ENGINEERING, AND LIFE SCIENCES	398965
2013	ALL	Norfolk	OTHER SCIENTIFIC AND TECHNICAL CONSULTING SERVICES	1458738.62
2011	ALL	Chesapeake	OTHER HEAVY AND CIVIL ENGINEERING CONSTRUCTION	737468
2014	ALL	ALL	ADMINISTRATIVE MANAGEMENT AND GENERAL MANAGEMENT CONSULTING SERVICES	2869817.12
2012	ALL	ALL	ALL	369228141.11
2012	ALL	Norfolk	CUSTOM COMPUTER PROGRAMMING SERVICES	16141
2013	ALL	ALL	OTHER ELECTRONIC COMPONENT MANUFACTURING	93960
2013	Dept of Defense	ALL	FACILITIES SUPPORT SERVICES	4549577.97
2014	Dept of Defense	ALL	ALL OTHER PROFESSIONAL, SCIENTIFIC, AND TECHNICAL SERVICES	3342245.21
2014	ALL	ALL	ELECTRONIC COMPUTER MANUFACTURING	669230
2013	ALL	Newport News	COMMERCIAL AND INSTITUTIONAL BUILDING CONSTRUCTION	5315730.23
2012	ALL	Hampton	OTHER COMPUTER RELATED SERVICES	1614188.38
2013	ALL	Portsmouth	COMMERCIAL AND INSTITUTIONAL BUILDING CONSTRUCTION	36143778.80
2012	National Aeronautics and Space Administration	Virginia Beach	ALL	885194.04
2012	ALL	ALL	OTHER WAREHOUSING AND STORAGE	77680.7
2014	Dept of Defense	Portsmouth	ALL	940231488.99
2011	Dept of Defense	ALL	OTHER COMMERCIAL AND SERVICE INDUSTRY MACHINERY MANUFACTURING	5933.72
2013	National Aeronautics and Space Administration	Williamsburg	ALL	427147.89
2011	ALL	ALL	FACILITIES SUPPORT SERVICES	722000
2014	Dept of Commerce	ALL	ALL	21815.2
2013	Dept of Defense	ALL	MEDICAL, DENTAL, AND HOSPITAL EQUIPMENT AND SUPPLIES MERCHANT WHOLESALERS	3109441.15
2012	ALL	Newport News	CUSTOM COMPUTER PROGRAMMING SERVICES	99394
2014	ALL	Virginia Beach	MEDICAL, DENTAL, AND HOSPITAL EQUIPMENT AND SUPPLIES MERCHANT WHOLESALERS	766205.14
2014	National Aeronautics and Space Administration	Hampton	ALL	4693227.44
2014	ALL	ALL	SUPPORT ACTIVITIES FOR OIL AND GAS OPERATIONS	38500
2014	Dept of Homeland Security	Portsmouth	ALL	967443.34
2011	ALL	Portsmouth	ENGINEERING SERVICES	1292482.37
2014	Dept of Commerce	Gloucester	ALL	-4184.8
2012	ALL	ALL	INDEPENDENT ARTISTS, WRITERS, AND PERFORMERS	222835.40
2012	ALL	Virginia Beach	OTHER WAREHOUSING AND STORAGE	77680.7
2012	ALL	Williamsburg	ALL	1306066
2011	ALL	ALL	INDUSTRIAL BUILDING CONSTRUCTION	248608
2013	Dept of Commerce	ALL	ALL	43395
2014	Dept of Defense	Virginia Beach	ALL	78730969.46
2013	ALL	ALL	COMPUTER AND COMPUTER PERIPHERAL EQUIPMENT AND SOFTWARE MERCHANT WHOLESALERS	86149
2014	Dept of Defense	ALL	FACILITIES SUPPORT SERVICES	256189.67
2014	Dept of Transportation	ALL	ALL OTHER PROFESSIONAL, SCIENTIFIC, AND TECHNICAL SERVICES	203333
2014	ALL	ALL	RESEARCH AND DEVELOPMENT IN THE PHYSICAL, ENGINEERING, AND LIFE SCIENCES (EXCEPT BIOTECHNOLOGY)	17523166.84
2011	Dept of Defense	ALL	COMMUNICATION EQUIPMENT REPAIR AND MAINTENANCE	675877.07
2011	Dept of Defense	ALL	TELEPHONE APPARATUS MANUFACTURING	2268244.04
2011	ALL	Suffolk	ALL	1679124.86
2011	ALL	York	COMMERCIAL AND INSTITUTIONAL BUILDING CONSTRUCTION	1145253.5
2011	Dept of Veterans Affairs	ALL	COMPUTER SYSTEMS DESIGN SERVICES	199049.76
2012	Dept of Homeland Security	Norfolk	ALL	337628.3
2011	ALL	ALL	ALL OTHER PROFESSIONAL, SCIENTIFIC, AND TECHNICAL SERVICES	8199283.34
2013	ALL	ALL	OTHER APPAREL ACCESSORIES AND OTHER APPAREL MANUFACTURING	49871.4
2014	ALL	Williamsburg	FLIGHT TRAINING	4046012
2012	ALL	Virginia Beach	ADMINISTRATIVE MANAGEMENT AND GENERAL MANAGEMENT CONSULTING SERVICES	822670
2013	ALL	Newport News	CUSTOM COMPUTER PROGRAMMING SERVICES	62196.66
2013	Dept of Defense	ALL	OTHER HEAVY AND CIVIL ENGINEERING CONSTRUCTION	7475154.79
2011	Dept of Homeland Security	ALL	COMPUTER SYSTEMS DESIGN SERVICES	54716
2013	Dept of Defense	Suffolk	ALL	890964.52
2012	ALL	Hampton	ELECTRONIC CONNECTOR MANUFACTURING	184482.4
2012	ALL	Norfolk	RESEARCH AND DEVELOPMENT IN THE PHYSICAL, ENGINEERING, AND LIFE SCIENCES (EXCEPT BIOTECHNOLOGY)	1065960
2011	ALL	Portsmouth	COMPUTER SYSTEMS DESIGN SERVICES	108682
2014	Dept of Defense	ALL	ARCHITECTURAL SERVICES	363282
2011	Dept of Health and Human Services	ALL	ALL	357612
2013	ALL	Chesapeake	INDUSTRIAL BUILDING CONSTRUCTION	81000
2013	ALL	Virginia Beach	COMMERCIAL AND INSTITUTIONAL BUILDING CONSTRUCTION	11596712.09
2012	Dept of Defense	Newport News	ALL	37592651.17
2011	National Aeronautics and Space Administration	York	ALL	3455362.56
2012	Dept of Defense	ALL	SMALL ARMS MANUFACTURING	178836.18
2012	ALL	Hampton	ALL OTHER MISCELLANEOUS AMBULATORY HEALTH CARE SERVICES	145843.2
2013	Dept of Homeland Security	York	ALL	7373246
2013	ALL	ALL	RESEARCH AND DEVELOPMENT IN THE PHYSICAL, ENGINEERING, AND LIFE SCIENCES	398965
2014	Dept of Defense	ALL	COMPUTER FACILITIES MANAGEMENT SERVICES	564489.36
2014	ALL	Portsmouth	ALL	941198932.33
2011	National Aeronautics and Space Administration	ALL	ADMINISTRATIVE MANAGEMENT AND GENERAL MANAGEMENT CONSULTING SERVICES	61900
2012	ALL	Virginia Beach	TESTING LABORATORIES	32
2013	ALL	ALL	COLLEGES, UNIVERSITIES, AND PROFESSIONAL SCHOOLS	188241
2011	ALL	ALL	OTHER HEAVY AND CIVIL ENGINEERING CONSTRUCTION	1235429.81
2011	Dept of Defense	ALL	RESEARCH AND DEVELOPMENT IN THE PHYSICAL, ENGINEERING, AND LIFE SCIENCES	2916012
2013	Dept of Defense	York	ALL	21044863.79
2014	ALL	Virginia Beach	ALL OTHER PROFESSIONAL, SCIENTIFIC, AND TECHNICAL SERVICES	97200
2013	National Aeronautics and Space Administration	Virginia Beach	ALL	681255
2011	ALL	Norfolk	OTHER SCIENTIFIC AND TECHNICAL CONSULTING SERVICES	375579.15
2014	National Aeronautics and Space Administration	ALL	ALL	5499554.44
2012	ALL	York	ALL OTHER PROFESSIONAL, SCIENTIFIC, AND TECHNICAL SERVICES	410429.8
2014	Dept of Defense	ALL	COMPUTER SYSTEMS DESIGN SERVICES	23383908.94
2011	ALL	ALL	CUSTOM COMPUTER PROGRAMMING SERVICES	26836765
2012	ALL	Portsmouth	ENGINEERING SERVICES	406000.72
2011	Dept of Homeland Security	ALL	ALL	54716
2013	Dept of Health and Human Services	Virginia Beach	ALL	581215.6
2012	Dept of Defense	ALL	REMEDIATION SERVICES	1672188.92
2012	ALL	Hampton	ADMINISTRATIVE MANAGEMENT AND GENERAL MANAGEMENT CONSULTING SERVICES	1235245.75
2012	ALL	ALL	RADIO AND TELEVISION BROADCASTING AND WIRELESS COMMUNICATIONS EQUIPMENT MANUFACTURING	1908163.15
2014	Dept of Defense	ALL	RESEARCH AND DEVELOPMENT IN THE PHYSICAL, ENGINEERING, AND LIFE SCIENCES (EXCEPT BIOTECHNOLOGY)	14372343.36
2013	ALL	ALL	INDUSTRIAL BUILDING CONSTRUCTION	256796.72
2012	ALL	Newport News	SHIP BUILDING AND REPAIRING	11566489.86
2013	Dept of Defense	ALL	OTHER BUILDING EQUIPMENT CONTRACTORS	32758.92
2013	ALL	ALL	RESEARCH AND DEVELOPMENT IN THE PHYSICAL, ENGINEERING, AND LIFE SCIENCES (EXCEPT BIOTECHNOLOGY)	41825245.35
2012	ALL	Suffolk	OTHER COMPUTER PERIPHERAL EQUIPMENT MANUFACTURING	33002.71
2012	ALL	Portsmouth	MEDICAL, DENTAL, AND HOSPITAL EQUIPMENT AND SUPPLIES MERCHANT WHOLESALERS	126325
2013	National Aeronautics and Space Administration	Newport News	ALL	27896.86
2014	ALL	York	SHIP BUILDING AND REPAIRING	2187366.26
2011	ALL	Newport News	OTHER COMMERCIAL AND SERVICE INDUSTRY MACHINERY MANUFACTURING	5933.72
2012	Dept of Homeland Security	ALL	ADMINISTRATIVE MANAGEMENT AND GENERAL MANAGEMENT CONSULTING SERVICES	541000
2013	Dept of Defense	ALL	INDUSTRIAL BUILDING CONSTRUCTION	256796.72
2012	ALL	Williamsburg	ENGINEERING SERVICES	1000000
2012	Dept of Defense	ALL	ENGINEERING SERVICES	36709595.81
2014	National Aeronautics and Space Administration	Williamsburg	ALL	185000
2012	ALL	Norfolk	WIRED TELECOMMUNICATIONS CARRIERS	180995
2013	ALL	ALL	SEARCH, DETECTION, NAVIGATION, GUIDANCE, AERONAUTICAL, AND NAUTICAL SYSTEM AND INSTRUMENT MANUFACTURING	3033165.32
2014	Dept of Defense	ALL	SUPPORT ACTIVITIES FOR OIL AND GAS OPERATIONS	38500
2012	ALL	Williamsburg	ELECTRONIC COMPUTER MANUFACTURING	194408
2013	ALL	Chesapeake	ENGINEERING SERVICES	2492718.81
2013	ALL	ALL	TESTING LABORATORIES	511.55
2013	ALL	Norfolk	SHIP BUILDING AND REPAIRING	52955802.83
2014	ALL	ALL	TESTING LABORATORIES	-4184.8
2013	ALL	York	COMMERCIAL AND INSTITUTIONAL BUILDING CONSTRUCTION	8512909.79
2014	Dept of Commerce	ALL	TESTING LABORATORIES	-4184.8
2014	ALL	ALL	PROCESS, PHYSICAL DISTRIBUTION, AND LOGISTICS CONSULTING SERVICES	1540700
2013	ALL	ALL	OTHER HEAVY AND CIVIL ENGINEERING CONSTRUCTION	7475154.79
2011	ALL	ALL	DATA PROCESSING, HOSTING, AND RELATED SERVICES	111450
2013	Dept of State	ALL	ALL	495528.75
2012	ALL	Portsmouth	ALL	6748813.60
2012	ALL	ALL	OTHER HEAVY AND CIVIL ENGINEERING CONSTRUCTION	308998.6
2012	ALL	Portsmouth	COMPUTER SYSTEMS DESIGN SERVICES	105675
2014	ALL	Portsmouth	ENGINEERING SERVICES	1686126.36
2012	ALL	Norfolk	SHIP BUILDING AND REPAIRING	39544471.43
2014	ALL	Norfolk	ENGINEERING SERVICES	295811480.65
2012	ALL	Norfolk	ALL OTHER MISCELLANEOUS FABRICATED METAL PRODUCT MANUFACTURING	38585.2
2012	Dept of Defense	ALL	TELEPHONE APPARATUS MANUFACTURING	15700
2011	ALL	ALL	BOOK PUBLISHERS	138922
2012	Dept of Defense	Virginia Beach	ALL	47516809.12
2014	ALL	Norfolk	PROFESSIONAL AND MANAGEMENT DEVELOPMENT TRAINING	1092815.51
2012	Dept of Treasury	Virginia Beach	ALL	77680.7
2014	ALL	Chesapeake	PROFESSIONAL AND MANAGEMENT DEVELOPMENT TRAINING	275572.75
2012	Dept of Defense	ALL	RADIO AND TELEVISION BROADCASTING AND WIRELESS COMMUNICATIONS EQUIPMENT MANUFACTURING	1908163.15
2011	Dept of Homeland Security	Virginia Beach	ALL	54716
2012	Dept of Defense	ALL	SHIP BUILDING AND REPAIRING	61166269.24
2014	ALL	Virginia Beach	OTHER ELECTRONIC COMPONENT MANUFACTURING	42600
2013	ALL	Virginia Beach	ALL	81093732.74
2012	ALL	Norfolk	ALL	221138753.48
2014	ALL	Norfolk	SHIP BUILDING AND REPAIRING	817685886.44
2013	ALL	Newport News	WIRED TELECOMMUNICATIONS CARRIERS	1313029.02
2011	ALL	Newport News	COMMERCIAL AND INSTITUTIONAL BUILDING CONSTRUCTION	9011778.00
2012	ALL	Portsmouth	INDUSTRIAL BUILDING CONSTRUCTION	942297.91
2013	Dept of Defense	Chesapeake	ALL	44420772.48
2014	Dept of Homeland Security	ALL	COMMERCIAL AND INSTITUTIONAL BUILDING CONSTRUCTION	212454.33
2012	Dept of Transportation	Newport News	ALL	20067
2014	ALL	York	RESEARCH AND DEVELOPMENT IN THE PHYSICAL, ENGINEERING, AND LIFE SCIENCES (EXCEPT BIOTECHNOLOGY)	2193880
2011	Dept of Health and Human Services	Virginia Beach	ALL	357612
2013	Dept of Defense	ALL	ALL OTHER MISCELLANEOUS AMBULATORY HEALTH CARE SERVICES	32215.04
2012	Dept of Defense	ALL	RESEARCH AND DEVELOPMENT IN THE PHYSICAL, ENGINEERING, AND LIFE SCIENCES	6812861
2013	ALL	Newport News	RESEARCH AND DEVELOPMENT IN THE PHYSICAL, ENGINEERING, AND LIFE SCIENCES (EXCEPT BIOTECHNOLOGY)	6069982.23
2012	ALL	Virginia Beach	INDUSTRIAL BUILDING CONSTRUCTION	762277
2014	ALL	Newport News	SHIP BUILDING AND REPAIRING	30179750.27
2012	ALL	ALL	RESEARCH AND DEVELOPMENT IN THE SOCIAL SCIENCES AND HUMANITIES	270000
2012	ALL	ALL	GENERAL LINE GROCERY MERCHANT WHOLESALERS	9623.88
2012	ALL	ALL	TESTING LABORATORIES	92432
2014	National Aeronautics and Space Administration	ALL	COMPUTER SYSTEMS DESIGN SERVICES	2049980.96
2012	ALL	ALL	OTHER APPAREL ACCESSORIES AND OTHER APPAREL MANUFACTURING	129875.48
2014	ALL	ALL	COMPUTER FACILITIES MANAGEMENT SERVICES	564489.36
2014	Dept of Defense	Williamsburg	ALL	8726792.99
2011	ALL	ALL	ALL	249688916.69
2012	ALL	Newport News	WATER SUPPLY AND IRRIGATION SYSTEMS	20067
2012	ALL	Newport News	COMMERCIAL AND INSTITUTIONAL BUILDING CONSTRUCTION	15786747.23
2013	National Aeronautics and Space Administration	ALL	ENVIRONMENTAL CONSULTING SERVICES	353155
2012	ALL	ALL	WATER SUPPLY AND IRRIGATION SYSTEMS	20067
2013	Dept of Commerce	ALL	TESTING LABORATORIES	30
2011	ALL	Virginia Beach	OTHER HEAVY AND CIVIL ENGINEERING CONSTRUCTION	28309
2011	ALL	Norfolk	ALL	45095530.97
2014	Dept of Defense	ALL	OTHER ELECTRONIC COMPONENT MANUFACTURING	42600
2013	ALL	Hampton	OTHER COMPUTER RELATED SERVICES	9320333.2
2011	ALL	Virginia Beach	POWER AND COMMUNICATION LINE AND RELATED STRUCTURES CONSTRUCTION	1068220
2011	ALL	ALL	SOFTWARE PUBLISHERS	48739
2013	Dept of Defense	ALL	ARCHITECTURAL SERVICES	221493.75
2011	Dept of Defense	ALL	COLLEGES, UNIVERSITIES, AND PROFESSIONAL SCHOOLS	60000
2011	ALL	ALL	OTHER COMMERCIAL AND SERVICE INDUSTRY MACHINERY MANUFACTURING	5933.72
2011	ALL	Hampton	ALL	77363265.53
2013	National Aeronautics and Space Administration	ALL	COMPUTER SYSTEMS DESIGN SERVICES	296199.11
2012	Dept of Treasury	ALL	ALL	77680.7
2012	Dept of Defense	ALL	ALL OTHER PROFESSIONAL, SCIENTIFIC, AND TECHNICAL SERVICES	412201.3
2014	Dept of Defense	ALL	ENGINEERING SERVICES	328113905.01
2011	ALL	Norfolk	COMMERCIAL AND INSTITUTIONAL BUILDING CONSTRUCTION	7580034.16
2011	Dept of Defense	ALL	DATA PROCESSING, HOSTING, AND RELATED SERVICES	111450
2011	ALL	Virginia Beach	HIGHWAY, STREET, AND BRIDGE CONSTRUCTION	1153065.33
2013	Dept of Defense	Gloucester	ALL	328780.8
2012	ALL	Virginia Beach	INDEPENDENT ARTISTS, WRITERS, AND PERFORMERS	182263.85
2011	ALL	Chesapeake	ALL	4654034.17
2012	ALL	Suffolk	MEDICAL, DENTAL, AND HOSPITAL EQUIPMENT AND SUPPLIES MERCHANT WHOLESALERS	222330.32
2013	ALL	Virginia Beach	OTHER BUILDING EQUIPMENT CONTRACTORS	32758.92
2013	Dept of Defense	Portsmouth	ALL	95194077.99
2011	ALL	ALL	RESEARCH AND DEVELOPMENT IN THE PHYSICAL, ENGINEERING, AND LIFE SCIENCES	2916012
2014	ALL	ALL	MILITARY ARMORED VEHICLE, TANK, AND TANK COMPONENT MANUFACTURING	59666
2014	ALL	ALL	ENGINEERING SERVICES	328113905.01
2014	ALL	Virginia Beach	INDUSTRIAL BUILDING CONSTRUCTION	276467
2013	ALL	Norfolk	ADMINISTRATIVE MANAGEMENT AND GENERAL MANAGEMENT CONSULTING SERVICES	338656.04
2013	National Aeronautics and Space Administration	ALL	ALL	12651891.44
2011	ALL	ALL	COMMERCIAL AND INSTITUTIONAL BUILDING CONSTRUCTION	20981614.68
2012	National Aeronautics and Space Administration	ALL	ADMINISTRATIVE MANAGEMENT AND GENERAL MANAGEMENT CONSULTING SERVICES	429000
2012	Dept of Defense	ALL	RESEARCH AND DEVELOPMENT IN THE PHYSICAL, ENGINEERING, AND LIFE SCIENCES (EXCEPT BIOTECHNOLOGY)	6732920.78
2014	ALL	Chesapeake	ADMINISTRATIVE MANAGEMENT AND GENERAL MANAGEMENT CONSULTING SERVICES	435277.92
2013	ALL	ALL	ALL OTHER MISCELLANEOUS AMBULATORY HEALTH CARE SERVICES	32215.04
2013	Dept of Defense	ALL	OTHER APPAREL ACCESSORIES AND OTHER APPAREL MANUFACTURING	49871.4
2013	ALL	ALL	SWITCHGEAR AND SWITCHBOARD APPARATUS MANUFACTURING	150005
2013	ALL	Newport News	ALL	75288557.73
2011	ALL	York	RESEARCH AND DEVELOPMENT IN THE PHYSICAL, ENGINEERING, AND LIFE SCIENCES	2224012
2011	ALL	ALL	RESEARCH AND DEVELOPMENT IN THE PHYSICAL, ENGINEERING, AND LIFE SCIENCES (EXCEPT BIOTECHNOLOGY)	21096842.99
2014	ALL	York	ENGINEERING SERVICES	716607.65
2012	ALL	ALL	ALL OTHER PROFESSIONAL, SCIENTIFIC, AND TECHNICAL SERVICES	412201.3
2011	Dept of Defense	ALL	PROFESSIONAL AND MANAGEMENT DEVELOPMENT TRAINING	892842.5
2011	Dept of Defense	ALL	ENGINEERING SERVICES	39827250.35
2013	ALL	ALL	OIL AND GAS PIPELINE AND RELATED STRUCTURES CONSTRUCTION	1729276.84
2012	ALL	ALL	FOOD PRODUCT MACHINERY MANUFACTURING	18204.68
2014	ALL	ALL	ARCHITECTURAL SERVICES	363282
2013	Dept of Commerce	ALL	SHIP BUILDING AND REPAIRING	43365
2013	Dept of Health and Human Services	ALL	COMPUTER SYSTEMS DESIGN SERVICES	421318
2012	ALL	Hampton	RESEARCH AND DEVELOPMENT IN THE SOCIAL SCIENCES AND HUMANITIES	270000
2014	Dept of Defense	ALL	ALL OTHER MISCELLANEOUS CHEMICAL PRODUCT AND PREPARATION MANUFACTURING	1380360
2012	Dept of Defense	ALL	OTHER COMPUTER RELATED SERVICES	1350978.09
2012	Dept of Defense	ALL	FACILITIES SUPPORT SERVICES	380723.20
2014	Dept of Defense	ALL	MILITARY ARMORED VEHICLE, TANK, AND TANK COMPONENT MANUFACTURING	59666
2013	Dept of Defense	ALL	OTHER ELECTRONIC COMPONENT MANUFACTURING	93960
2011	Dept of Defense	Suffolk	ALL	1679124.86
2014	ALL	Virginia Beach	RADIO AND TELEVISION BROADCASTING AND WIRELESS COMMUNICATIONS EQUIPMENT MANUFACTURING	555490.96
2013	ALL	Chesapeake	RADIO AND TELEVISION BROADCASTING AND WIRELESS COMMUNICATIONS EQUIPMENT MANUFACTURING	2784967.37
2011	Dept of Defense	ALL	WATER AND SEWER LINE AND RELATED STRUCTURES CONSTRUCTION	1643671
2011	ALL	Hampton	RESEARCH AND DEVELOPMENT IN THE PHYSICAL, ENGINEERING, AND LIFE SCIENCES (EXCEPT BIOTECHNOLOGY)	8634965.80
2014	ALL	Norfolk	RESEARCH AND DEVELOPMENT IN THE PHYSICAL, ENGINEERING, AND LIFE SCIENCES (EXCEPT BIOTECHNOLOGY)	1074655.67
2014	ALL	Hampton	ALL	9184410.29
2011	Dept of Defense	ALL	ALL OTHER SPECIALTY TRADE CONTRACTORS	60508
2011	ALL	Norfolk	ELECTRONIC COMPUTER MANUFACTURING	1105072.09
2013	ALL	Hampton	ALL OTHER TELECOMMUNICATIONS	279250.9
2012	ALL	Newport News	RESEARCH AND DEVELOPMENT IN THE PHYSICAL, ENGINEERING, AND LIFE SCIENCES (EXCEPT BIOTECHNOLOGY)	3629895.79
2013	National Aeronautics and Space Administration	Norfolk	ALL	176554
2014	ALL	Williamsburg	RESEARCH AND DEVELOPMENT IN THE PHYSICAL, ENGINEERING, AND LIFE SCIENCES (EXCEPT BIOTECHNOLOGY)	4680780.99
2013	Dept of Defense	ALL	CUSTOM COMPUTER PROGRAMMING SERVICES	62196.66
2011	ALL	Norfolk	PUMP AND PUMPING EQUIPMENT MANUFACTURING	40460
2014	Dept of Homeland Security	Hampton	ALL	2560
2011	Environmental Protection Agency	ALL	COMPUTER SYSTEMS DESIGN SERVICES	558273.49
2014	Dept of Transportation	ALL	ALL	203333
2011	Dept of Defense	ALL	SEARCH, DETECTION, NAVIGATION, GUIDANCE, AERONAUTICAL, AND NAUTICAL SYSTEM AND INSTRUMENT MANUFACTURING	104940.67
2014	ALL	Newport News	FACILITIES SUPPORT SERVICES	96879.72
2011	ALL	Norfolk	BOOK PUBLISHERS	138922
2012	Dept of Defense	ALL	ELECTRICAL CONTRACTORS AND OTHER WIRING INSTALLATION CONTRACTORS	860218
2012	ALL	ALL	COMPUTER SYSTEMS DESIGN SERVICES	1863605.96
2011	ALL	ALL	CHILD AND YOUTH SERVICES	357612
2013	ALL	Portsmouth	ALL	112442819.96
2013	ALL	Chesapeake	OTHER SCIENTIFIC AND TECHNICAL CONSULTING SERVICES	2348043.76
2014	Dept of Defense	ALL	PUMP AND PUMPING EQUIPMENT MANUFACTURING	33495
2014	ALL	ALL	INDUSTRIAL BUILDING CONSTRUCTION	318867
2014	ALL	Newport News	COMMERCIAL AND INSTITUTIONAL BUILDING CONSTRUCTION	9591856.6
2012	ALL	Chesapeake	ALL	13190436.26
2014	ALL	ALL	OTHER COMPUTER RELATED SERVICES	7602435.58
2011	Dept of Defense	ALL	WIRED TELECOMMUNICATIONS CARRIERS	321292
2013	Dept of Defense	ALL	INDUSTRIAL DESIGN SERVICES	48495
2013	ALL	Portsmouth	OTHER COMPUTER RELATED SERVICES	2877575.56
2011	ALL	Virginia Beach	CUSTOM COMPUTER PROGRAMMING SERVICES	25953230
2013	Dept of Homeland Security	ALL	TESTING LABORATORIES	481.55
2014	Dept of Defense	ALL	OTHER SUPPORT ACTIVITIES FOR AIR TRANSPORTATION	305542.5
2013	ALL	Hampton	ADMINISTRATIVE MANAGEMENT AND GENERAL MANAGEMENT CONSULTING SERVICES	4679821
2012	Dept of Defense	ALL	FOOD PRODUCT MACHINERY MANUFACTURING	18204.68
2013	ALL	Virginia Beach	PROFESSIONAL AND MANAGEMENT DEVELOPMENT TRAINING	12404574.27
2014	ALL	Williamsburg	ADMINISTRATIVE MANAGEMENT AND GENERAL MANAGEMENT CONSULTING SERVICES	185000
2012	Dept of Homeland Security	Virginia Beach	ALL	595748
2013	ALL	Virginia Beach	ALL OTHER SUPPORT SERVICES	1386636.54
2013	ALL	Williamsburg	ALL	823139.89
2014	ALL	Newport News	SUPPORT ACTIVITIES FOR OIL AND GAS OPERATIONS	38500
2012	ALL	ALL	TELEPHONE APPARATUS MANUFACTURING	15700
2014	ALL	Norfolk	ELECTRONIC CONNECTOR MANUFACTURING	139082.78
2011	ALL	Norfolk	POWER AND COMMUNICATION LINE AND RELATED STRUCTURES CONSTRUCTION	123896
2012	Dept of Defense	Chesapeake	ALL	13093282.18
2014	ALL	Hampton	ALL OTHER MISCELLANEOUS AMBULATORY HEALTH CARE SERVICES	141488.64
2011	National Aeronautics and Space Administration	Hampton	ALL	32279301.04
2014	Dept of Defense	ALL	SHIP BUILDING AND REPAIRING	2060737173.91
2013	ALL	Virginia Beach	SURGICAL APPLIANCE AND SUPPLIES MANUFACTURING	107161.20
2013	Dept of Homeland Security	Newport News	ALL	57726
2014	Dept of Defense	ALL	MEDICAL, DENTAL, AND HOSPITAL EQUIPMENT AND SUPPLIES MERCHANT WHOLESALERS	857406.46
2014	ALL	Chesapeake	SEARCH, DETECTION, NAVIGATION, GUIDANCE, AERONAUTICAL, AND NAUTICAL SYSTEM AND INSTRUMENT MANUFACTURING	83837
2012	National Aeronautics and Space Administration	ALL	ALL	25572190.55
2011	ALL	Virginia Beach	ENGINEERING SERVICES	21218401.71
2013	ALL	Virginia Beach	RADIO AND TELEVISION BROADCASTING AND WIRELESS COMMUNICATIONS EQUIPMENT MANUFACTURING	3797609.96
2012	Dept of Homeland Security	Newport News	ALL	235847.04
2014	Dept of Defense	ALL	OTHER SCIENTIFIC AND TECHNICAL CONSULTING SERVICES	4657974.42
2012	Dept of Defense	ALL	COMPUTER FACILITIES MANAGEMENT SERVICES	904723
2012	ALL	Virginia Beach	SHIP BUILDING AND REPAIRING	1469974.31
2012	ALL	Virginia Beach	OIL AND GAS PIPELINE AND RELATED STRUCTURES CONSTRUCTION	2213323.16
2013	Dept of Defense	Hampton	ALL	15890491.18
2012	ALL	Gloucester	MEDICAL, DENTAL, AND HOSPITAL EQUIPMENT AND SUPPLIES MERCHANT WHOLESALERS	16413.88
2012	ALL	York	COMMERCIAL AND INSTITUTIONAL BUILDING CONSTRUCTION	2012820.63
2012	ALL	Virginia Beach	RESEARCH AND DEVELOPMENT IN THE PHYSICAL, ENGINEERING, AND LIFE SCIENCES (EXCEPT BIOTECHNOLOGY)	1843395.32
2011	ALL	Virginia Beach	RESEARCH AND DEVELOPMENT IN THE PHYSICAL, ENGINEERING, AND LIFE SCIENCES	692000
2012	Dept of Defense	Hampton	ALL	10667112.07
2013	Dept of Defense	ALL	ADMINISTRATIVE MANAGEMENT AND GENERAL MANAGEMENT CONSULTING SERVICES	7156382.04
2012	ALL	ALL	ELECTRONIC COMPUTER MANUFACTURING	291562.08
2013	ALL	ALL	ALL	477169258.05
2013	Dept of Homeland Security	ALL	OTHER COMPUTER RELATED SERVICES	2877575.56
2013	ALL	Hampton	COLLEGES, UNIVERSITIES, AND PROFESSIONAL SCHOOLS	40654
2012	ALL	York	RESEARCH AND DEVELOPMENT IN THE PHYSICAL, ENGINEERING, AND LIFE SCIENCES	285312
2011	ALL	Newport News	ALL OTHER MOTOR VEHICLE DEALERS	17980902
2012	Dept of Defense	ALL	ALL OTHER MISCELLANEOUS AMBULATORY HEALTH CARE SERVICES	972157.2
2013	Dept of Defense	ALL	COMPUTER SYSTEMS DESIGN SERVICES	1368652.52
2014	ALL	Virginia Beach	OTHER HEAVY AND CIVIL ENGINEERING CONSTRUCTION	229612.76
2014	ALL	York	ALL OTHER PROFESSIONAL, SCIENTIFIC, AND TECHNICAL SERVICES	374173.6
2011	Dept of Defense	ALL	ADMINISTRATIVE MANAGEMENT AND GENERAL MANAGEMENT CONSULTING SERVICES	39593468.03
2014	ALL	Virginia Beach	OTHER COMPUTER RELATED SERVICES	3870450.71
2013	Dept of Homeland Security	ALL	ADMINISTRATIVE MANAGEMENT AND GENERAL MANAGEMENT CONSULTING SERVICES	946250.45
2013	National Aeronautics and Space Administration	ALL	OTHER COMPUTER RELATED SERVICES	9230633.2
2014	ALL	ALL	OTHER COMMERCIAL AND SERVICE INDUSTRY MACHINERY MANUFACTURING	106841
2013	Dept of Homeland Security	ALL	RADIO AND TELEVISION BROADCASTING AND WIRELESS COMMUNICATIONS EQUIPMENT MANUFACTURING	13827692.25
2013	ALL	ALL	ALL OTHER SUPPORT SERVICES	1386636.54
2012	ALL	Suffolk	ENGINEERING SERVICES	46747.5
2011	Dept of Defense	ALL	COMMERCIAL AND INSTITUTIONAL BUILDING CONSTRUCTION	20981614.68
2011	ALL	ALL	ADMINISTRATIVE MANAGEMENT AND GENERAL MANAGEMENT CONSULTING SERVICES	39655368.03
2011	Dept of Defense	ALL	SOFTWARE PUBLISHERS	48739
2013	National Aeronautics and Space Administration	ALL	ADMINISTRATIVE MANAGEMENT AND GENERAL MANAGEMENT CONSULTING SERVICES	5375
2014	National Aeronautics and Space Administration	Norfolk	ALL	272072
2013	ALL	Hampton	COMMERCIAL AND INSTITUTIONAL BUILDING CONSTRUCTION	867795
2013	ALL	Virginia Beach	OTHER APPAREL ACCESSORIES AND OTHER APPAREL MANUFACTURING	49871.4
2011	ALL	Portsmouth	INDUSTRIAL BUILDING CONSTRUCTION	44156
2011	ALL	Newport News	TELEPHONE APPARATUS MANUFACTURING	2268244.04
2014	ALL	Norfolk	OTHER HEAVY AND CIVIL ENGINEERING CONSTRUCTION	238910
2012	ALL	Gloucester	TESTING LABORATORIES	92400
2014	Dept of Defense	ALL	OTHER COMMERCIAL AND SERVICE INDUSTRY MACHINERY MANUFACTURING	106841
2014	ALL	ALL	OTHER SCIENTIFIC AND TECHNICAL CONSULTING SERVICES	4657974.42
2012	ALL	Hampton	SEARCH, DETECTION, NAVIGATION, GUIDANCE, AERONAUTICAL, AND NAUTICAL SYSTEM AND INSTRUMENT MANUFACTURING	25308.02
2011	ALL	ALL	COMPUTER SYSTEMS DESIGN SERVICES	1517623.92
2013	Dept of Defense	ALL	MILITARY ARMORED VEHICLE, TANK, AND TANK COMPONENT MANUFACTURING	857544.40
2011	ALL	ALL	COMPUTER AND COMPUTER PERIPHERAL EQUIPMENT AND SOFTWARE MERCHANT WHOLESALERS	60387.71
2011	ALL	Norfolk	DATA PROCESSING, HOSTING, AND RELATED SERVICES	111450
2011	ALL	ALL	PROFESSIONAL AND MANAGEMENT DEVELOPMENT TRAINING	892842.5
2014	Dept of Commerce	ALL	COMPUTER SYSTEMS DESIGN SERVICES	26000
2013	ALL	ALL	OTHER AIRCRAFT PARTS AND AUXILIARY EQUIPMENT MANUFACTURING	994315.7
2011	Dept of Defense	ALL	ENVIRONMENTAL CONSULTING SERVICES	112375.36
2013	ALL	Hampton	COMPUTER SYSTEMS DESIGN SERVICES	725699.62
2011	ALL	Virginia Beach	ALL OTHER PROFESSIONAL, SCIENTIFIC, AND TECHNICAL SERVICES	2634308.34
2012	Dept of Defense	Norfolk	ALL	220801125.18
2013	ALL	ALL	SURGICAL APPLIANCE AND SUPPLIES MANUFACTURING	107161.20
2012	ALL	ALL	COMPUTER FACILITIES MANAGEMENT SERVICES	904723
2013	Dept of Defense	Poquoson	ALL	120877.72
2013	ALL	Norfolk	ALL	106068578.55
2013	ALL	ALL	ADMINISTRATIVE MANAGEMENT AND GENERAL MANAGEMENT CONSULTING SERVICES	8108007.49
2011	Dept of Defense	ALL	ELECTRICAL CONTRACTORS AND OTHER WIRING INSTALLATION CONTRACTORS	79731.2
2012	ALL	Virginia Beach	OTHER APPAREL ACCESSORIES AND OTHER APPAREL MANUFACTURING	129875.48
2011	ALL	Portsmouth	SHIP BUILDING AND REPAIRING	4209451.5
2014	ALL	ALL	ALL OTHER SUPPORT SERVICES	1546200
2012	ALL	Hampton	ENGINEERING SERVICES	6741122.17
2013	ALL	Chesapeake	ADMINISTRATIVE MANAGEMENT AND GENERAL MANAGEMENT CONSULTING SERVICES	2000000
2013	ALL	Newport News	SHIP BUILDING AND REPAIRING	57560451.00
2014	Dept of Health and Human Services	Virginia Beach	ALL	2127528.8
2013	Dept of Defense	ALL	COMPUTER AND COMPUTER PERIPHERAL EQUIPMENT AND SOFTWARE MERCHANT WHOLESALERS	86149
2012	Dept of Defense	York	ALL	2191562.43
2011	ALL	ALL	COMMUNICATION EQUIPMENT REPAIR AND MAINTENANCE	675877.07
2011	ALL	Portsmouth	ELECTRICAL CONTRACTORS AND OTHER WIRING INSTALLATION CONTRACTORS	79731.2
2012	ALL	ALL	OTHER SCIENTIFIC AND TECHNICAL CONSULTING SERVICES	782051.96
2013	ALL	Chesapeake	ELECTRONIC COMPUTER MANUFACTURING	153412.7
2013	ALL	ALL	ELECTRONIC COMPUTER MANUFACTURING	153412.7
2011	Dept of Defense	York	ALL	5439754.85
2012	ALL	Virginia Beach	COMMERCIAL AND INSTITUTIONAL BUILDING CONSTRUCTION	25054105.90
2012	ALL	Newport News	TELEPHONE APPARATUS MANUFACTURING	15700
2013	ALL	York	SHIP BUILDING AND REPAIRING	435137
2012	ALL	ALL	ALL OTHER MISCELLANEOUS FABRICATED METAL PRODUCT MANUFACTURING	38585.2
2011	ALL	York	OTHER COMPUTER RELATED SERVICES	1348489.35
2013	ALL	ALL	COMPUTER SYSTEMS DESIGN SERVICES	2581698.38
2013	ALL	York	RESEARCH AND DEVELOPMENT IN THE PHYSICAL, ENGINEERING, AND LIFE SCIENCES (EXCEPT BIOTECHNOLOGY)	18880461
2014	ALL	ALL	FACILITIES SUPPORT SERVICES	256189.67
2012	ALL	Portsmouth	COMMERCIAL AND INSTITUTIONAL BUILDING CONSTRUCTION	1101291
2013	ALL	Virginia Beach	WIRED TELECOMMUNICATIONS CARRIERS	710659.5
2014	Dept of Defense	ALL	ELECTRONIC CONNECTOR MANUFACTURING	188999.91
2014	ALL	Virginia Beach	MILITARY ARMORED VEHICLE, TANK, AND TANK COMPONENT MANUFACTURING	59666
2012	ALL	Norfolk	ADMINISTRATIVE MANAGEMENT AND GENERAL MANAGEMENT CONSULTING SERVICES	6993241.48
2012	Dept of Defense	ALL	SEARCH, DETECTION, NAVIGATION, GUIDANCE, AERONAUTICAL, AND NAUTICAL SYSTEM AND INSTRUMENT MANUFACTURING	86270.02
2014	Dept of Homeland Security	ALL	ADMINISTRATIVE MANAGEMENT AND GENERAL MANAGEMENT CONSULTING SERVICES	113120
2011	ALL	Newport News	COMMUNICATION EQUIPMENT REPAIR AND MAINTENANCE	675877.07
2012	ALL	ALL	MEDICAL, DENTAL, AND HOSPITAL EQUIPMENT AND SUPPLIES MERCHANT WHOLESALERS	1128636.61
2012	National Aeronautics and Space Administration	Newport News	ALL	664271.14
2011	ALL	ALL	SHIP BUILDING AND REPAIRING	27241951.42
2014	ALL	Norfolk	ADMINISTRATIVE MANAGEMENT AND GENERAL MANAGEMENT CONSULTING SERVICES	113750
2012	ALL	Hampton	SHIP BUILDING AND REPAIRING	770436.47
2012	ALL	Portsmouth	COMPUTER AND COMPUTER PERIPHERAL EQUIPMENT AND SOFTWARE MERCHANT WHOLESALERS	369798.66
2012	ALL	Newport News	COMPUTER FACILITIES MANAGEMENT SERVICES	904723
2012	ALL	Virginia Beach	MEDICAL, DENTAL, AND HOSPITAL EQUIPMENT AND SUPPLIES MERCHANT WHOLESALERS	763567.41
2011	ALL	Virginia Beach	ALL OTHER SUPPORT SERVICES	215037
2013	Dept of Commerce	Chesapeake	ALL	43365
2013	Dept of Defense	ALL	OTHER COMPUTER RELATED SERVICES	473034.36
2014	Dept of Defense	Chesapeake	ALL	246810325.76
2011	Dept of Defense	ALL	POWER AND COMMUNICATION LINE AND RELATED STRUCTURES CONSTRUCTION	1192116
2012	Dept of Defense	ALL	SURGICAL APPLIANCE AND SUPPLIES MANUFACTURING	48000
2014	ALL	York	ALL	6065251.84
2011	ALL	ALL	OTHER MISCELLANEOUS DURABLE GOODS MERCHANT WHOLESALERS	13000
2012	Dept of Defense	ALL	INDEPENDENT ARTISTS, WRITERS, AND PERFORMERS	222835.40
2014	Dept of Veterans Affairs	Chesapeake	ALL	2273929.48
2014	Dept of Defense	ALL	PROFESSIONAL AND MANAGEMENT DEVELOPMENT TRAINING	8105749.96
2013	ALL	Norfolk	RESEARCH AND DEVELOPMENT IN THE PHYSICAL, ENGINEERING, AND LIFE SCIENCES (EXCEPT BIOTECHNOLOGY)	1645542.87
2011	Dept of Defense	ALL	SMALL ARMS MANUFACTURING	31547.67
2011	Dept of Defense	ALL	OTHER SCIENTIFIC AND TECHNICAL CONSULTING SERVICES	375579.15
2013	ALL	Hampton	ALL	27007624.87
2011	ALL	ALL	ENVIRONMENTAL CONSULTING SERVICES	112375.36
2013	Dept of Defense	ALL	SWITCHGEAR AND SWITCHBOARD APPARATUS MANUFACTURING	150005
2014	ALL	Hampton	SHIP BUILDING AND REPAIRING	1369526.06
2014	ALL	Norfolk	COMMERCIAL AND INSTITUTIONAL BUILDING CONSTRUCTION	25362470.55
2014	Dept of Homeland Security	York	ALL	212454.33
2012	ALL	Gloucester	ALL	108813.88
2014	National Aeronautics and Space Administration	York	ALL	349255
2013	ALL	Chesapeake	OTHER ELECTRONIC COMPONENT MANUFACTURING	34860
2014	ALL	Norfolk	ALL	1146653327.78
2012	Dept of Health and Human Services	Virginia Beach	ALL	145000
2014	ALL	ALL	OTHER SUPPORT ACTIVITIES FOR AIR TRANSPORTATION	305542.5
2013	ALL	Newport News	ALL OTHER INFORMATION SERVICES	57726
2012	ALL	ALL	SHOWCASE, PARTITION, SHELVING, AND LOCKER MANUFACTURING	27122
2011	ALL	ALL	OTHER SCIENTIFIC AND TECHNICAL CONSULTING SERVICES	375579.15
2014	ALL	Virginia Beach	OTHER AIRCRAFT PARTS AND AUXILIARY EQUIPMENT MANUFACTURING	48454
2012	ALL	Newport News	ENGINEERING SERVICES	287676.19
2011	Dept of Defense	ALL	INDUSTRIAL BUILDING CONSTRUCTION	248608
2014	ALL	Virginia Beach	WIRED TELECOMMUNICATIONS CARRIERS	2709483
2014	Dept of Defense	ALL	OTHER COMPUTER RELATED SERVICES	6634992.24
2013	ALL	ALL	INDUSTRIAL DESIGN SERVICES	48495
2014	Dept of Health and Human Services	ALL	ADMINISTRATIVE MANAGEMENT AND GENERAL MANAGEMENT CONSULTING SERVICES	1663372.8
2012	ALL	ALL	COMMERCIAL AND INSTITUTIONAL BUILDING CONSTRUCTION	203899103.07
2011	Environmental Protection Agency	ALL	ALL	558273.49
2011	ALL	Newport News	SHIP BUILDING AND REPAIRING	684439.53
2014	ALL	Norfolk	OTHER SCIENTIFIC AND TECHNICAL CONSULTING SERVICES	740007.76
2012	Dept of Defense	ALL	ADMINISTRATIVE MANAGEMENT AND GENERAL MANAGEMENT CONSULTING SERVICES	8061535.08
2013	ALL	Virginia Beach	MILITARY ARMORED VEHICLE, TANK, AND TANK COMPONENT MANUFACTURING	857544.40
2014	ALL	ALL	COMPUTER AND SOFTWARE STORES	338399
2011	ALL	York	RESEARCH AND DEVELOPMENT IN THE PHYSICAL, ENGINEERING, AND LIFE SCIENCES (EXCEPT BIOTECHNOLOGY)	3455362.56
2012	ALL	Chesapeake	SHIP BUILDING AND REPAIRING	4117471.86
2014	ALL	ALL	ELECTRONIC CONNECTOR MANUFACTURING	188999.91
2013	ALL	Virginia Beach	SHIP BUILDING AND REPAIRING	3253792.24
2012	ALL	Chesapeake	ALL OTHER PROFESSIONAL, SCIENTIFIC, AND TECHNICAL SERVICES	1771.5
2013	ALL	Portsmouth	INDUSTRIAL BUILDING CONSTRUCTION	31845.72
2011	National Aeronautics and Space Administration	ALL	ALL	38492715.81
2011	ALL	ALL	ELECTRICAL CONTRACTORS AND OTHER WIRING INSTALLATION CONTRACTORS	79731.2
2012	National Aeronautics and Space Administration	ALL	RESEARCH AND DEVELOPMENT IN THE PHYSICAL, ENGINEERING, AND LIFE SCIENCES (EXCEPT BIOTECHNOLOGY)	23592376.42
2014	ALL	Newport News	OTHER AIRCRAFT PARTS AND AUXILIARY EQUIPMENT MANUFACTURING	374953
2013	Dept of Defense	ALL	PROFESSIONAL AND MANAGEMENT DEVELOPMENT TRAINING	14075082.89
2014	ALL	ALL	PROFESSIONAL AND MANAGEMENT DEVELOPMENT TRAINING	8105749.96
2011	Dept of Defense	Newport News	ALL	45119521.04
2012	Dept of Defense	ALL	INDUSTRIAL BUILDING CONSTRUCTION	1704574.91
2014	ALL	Chesapeake	COMMERCIAL AND INSTITUTIONAL BUILDING CONSTRUCTION	403959
2011	ALL	Virginia Beach	COMPUTER SYSTEMS DESIGN SERVICES	551970.76
2011	ALL	Virginia Beach	COMMERCIAL AND INSTITUTIONAL BUILDING CONSTRUCTION	1887760.02
2011	ALL	Virginia Beach	CHILD AND YOUTH SERVICES	357612
2013	ALL	ALL	WIRED TELECOMMUNICATIONS CARRIERS	2490946.68
2013	Dept of Health and Human Services	ALL	OTHER MANAGEMENT CONSULTING SERVICES	159897.6
2012	ALL	ALL	ALL OTHER MISCELLANEOUS ELECTRICAL EQUIPMENT AND COMPONENT MANUFACTURING	78311.68
2013	ALL	Norfolk	PROFESSIONAL AND MANAGEMENT DEVELOPMENT TRAINING	952800.87
2011	ALL	ALL	ALL OTHER MOTOR VEHICLE DEALERS	17980902
2014	ALL	Chesapeake	INDUSTRIAL BUILDING CONSTRUCTION	42400
2014	ALL	Virginia Beach	CUSTOM COMPUTER PROGRAMMING SERVICES	96400.65
2012	Dept of Commerce	ALL	TESTING LABORATORIES	92400
2011	ALL	Virginia Beach	SEARCH, DETECTION, NAVIGATION, GUIDANCE, AERONAUTICAL, AND NAUTICAL SYSTEM AND INSTRUMENT MANUFACTURING	104940.67
2012	ALL	Newport News	OTHER COMMERCIAL AND SERVICE INDUSTRY MACHINERY MANUFACTURING	44394.11
2013	ALL	Virginia Beach	ARCHITECTURAL SERVICES	89389
2011	Dept of Defense	ALL	OTHER COMPUTER RELATED SERVICES	2121642.50
2013	Dept of Defense	Newport News	ALL	75202934.87
2011	ALL	ALL	ALL OTHER SPECIALTY TRADE CONTRACTORS	60508
2013	ALL	Hampton	ENGINEERING SERVICES	728983.7
2014	ALL	Virginia Beach	SEARCH, DETECTION, NAVIGATION, GUIDANCE, AERONAUTICAL, AND NAUTICAL SYSTEM AND INSTRUMENT MANUFACTURING	26219.34
2011	National Aeronautics and Space Administration	ALL	RESEARCH AND DEVELOPMENT IN THE PHYSICAL, ENGINEERING, AND LIFE SCIENCES (EXCEPT BIOTECHNOLOGY)	13848380.57
2012	ALL	Chesapeake	ELECTRONIC COMPUTER MANUFACTURING	97154.08
2014	ALL	Virginia Beach	ELECTRONIC COMPUTER MANUFACTURING	669230
2013	ALL	ALL	ELECTRONIC CONNECTOR MANUFACTURING	1675646.82
2013	ALL	ALL	SHIP BUILDING AND REPAIRING	204610960.65
2014	ALL	Hampton	ADMINISTRATIVE MANAGEMENT AND GENERAL MANAGEMENT CONSULTING SERVICES	2560
2014	Dept of Transportation	Chesapeake	ALL	203333
2013	Dept of Defense	ALL	RESEARCH AND DEVELOPMENT IN THE PHYSICAL, ENGINEERING, AND LIFE SCIENCES (EXCEPT BIOTECHNOLOGY)	39058716.22
2012	ALL	Norfolk	ELECTRICAL CONTRACTORS AND OTHER WIRING INSTALLATION CONTRACTORS	509568
2011	ALL	ALL	ALL OTHER SUPPORT SERVICES	215037
2013	ALL	Norfolk	COMPUTER SYSTEMS DESIGN SERVICES	495528.75
2011	ALL	Newport News	ALL	47308935.25
2012	ALL	Virginia Beach	ALL OTHER MISCELLANEOUS ELECTRICAL EQUIPMENT AND COMPONENT MANUFACTURING	78311.68
2013	ALL	Newport News	ELECTRONIC CONNECTOR MANUFACTURING	265709.42
2011	Dept of Defense	ALL	OTHER HEAVY AND CIVIL ENGINEERING CONSTRUCTION	1235429.81
2014	ALL	Hampton	ENGINEERING SERVICES	184214.55
2011	ALL	Norfolk	WATER AND SEWER LINE AND RELATED STRUCTURES CONSTRUCTION	1643671
2014	Dept of Defense	Suffolk	ALL	1778548.82
2014	ALL	ALL	RADIO AND TELEVISION BROADCASTING AND WIRELESS COMMUNICATIONS EQUIPMENT MANUFACTURING	601990.96
2012	Dept of Treasury	ALL	OTHER WAREHOUSING AND STORAGE	77680.7
2014	ALL	Virginia Beach	FACILITIES SUPPORT SERVICES	159309.95
2014	ALL	Virginia Beach	PROFESSIONAL AND MANAGEMENT DEVELOPMENT TRAINING	6737361.70
2013	ALL	Norfolk	COMPUTER AND COMPUTER PERIPHERAL EQUIPMENT AND SOFTWARE MERCHANT WHOLESALERS	86149
2012	ALL	Virginia Beach	COMPUTER SYSTEMS DESIGN SERVICES	198308.64
2014	ALL	ALL	ALL OTHER MISCELLANEOUS CHEMICAL PRODUCT AND PREPARATION MANUFACTURING	1380360
2014	ALL	ALL	COMPUTER SYSTEMS DESIGN SERVICES	26087343.90
2014	ALL	ALL	MEDICAL, DENTAL, AND HOSPITAL EQUIPMENT AND SUPPLIES MERCHANT WHOLESALERS	857406.46
2014	ALL	Portsmouth	SHIP BUILDING AND REPAIRING	938197057.63
2011	Dept of Defense	ALL	COMPUTER SYSTEMS DESIGN SERVICES	705584.67
2014	ALL	Chesapeake	ARCHITECTURAL SERVICES	180542
2012	ALL	Chesapeake	ALL OTHER MISCELLANEOUS AMBULATORY HEALTH CARE SERVICES	826314
2013	ALL	Newport News	ENGINEERING SERVICES	481171.98
2014	Dept of Homeland Security	ALL	ALL	1293017.67
2012	ALL	ALL	OIL AND GAS PIPELINE AND RELATED STRUCTURES CONSTRUCTION	2213323.16
2011	Dept of Veterans Affairs	ALL	ALL	199049.76
2011	ALL	Virginia Beach	SHIP BUILDING AND REPAIRING	643380.27
2013	ALL	Virginia Beach	ADMINISTRATIVE MANAGEMENT AND GENERAL MANAGEMENT CONSULTING SERVICES	1084155.45
2011	Dept of Veterans Affairs	Virginia Beach	ALL	199049.76
2013	Dept of Defense	Virginia Beach	ALL	78884530.14
2012	Dept of Defense	ALL	ALL OTHER MISCELLANEOUS FABRICATED METAL PRODUCT MANUFACTURING	38585.2
2013	ALL	Gloucester	TESTING LABORATORIES	30
2013	Dept of Defense	ALL	SEARCH, DETECTION, NAVIGATION, GUIDANCE, AERONAUTICAL, AND NAUTICAL SYSTEM AND INSTRUMENT MANUFACTURING	3033165.32
2014	Dept of Health and Human Services	ALL	ALL	2127528.8
2011	Dept of Health and Human Services	ALL	CHILD AND YOUTH SERVICES	357612
2012	ALL	Virginia Beach	ENGINEERING SERVICES	11364677.80
2011	Dept of Defense	ALL	ALL	210026549.63
2013	Dept of Commerce	Gloucester	ALL	30
2011	Dept of Defense	Virginia Beach	ALL	57514332.67
2014	ALL	Norfolk	OTHER COMPUTER RELATED SERVICES	2187505.42
2012	ALL	ALL	INDUSTRIAL BUILDING CONSTRUCTION	1704574.91
2013	Dept of Homeland Security	ALL	COMMERCIAL AND INSTITUTIONAL BUILDING CONSTRUCTION	7373246
2014	ALL	Newport News	RESEARCH AND DEVELOPMENT IN THE PHYSICAL, ENGINEERING, AND LIFE SCIENCES (EXCEPT BIOTECHNOLOGY)	829859.52
2012	ALL	ALL	OTHER COMMERCIAL AND SERVICE INDUSTRY MACHINERY MANUFACTURING	44394.11
2013	Dept of Defense	ALL	OTHER AIRCRAFT PARTS AND AUXILIARY EQUIPMENT MANUFACTURING	994315.7
2012	ALL	Newport News	FOOD PRODUCT MACHINERY MANUFACTURING	18204.68
2013	ALL	Suffolk	INDUSTRIAL BUILDING CONSTRUCTION	31697
2014	ALL	Suffolk	ALL OTHER MISCELLANEOUS CHEMICAL PRODUCT AND PREPARATION MANUFACTURING	1380360
2014	ALL	Chesapeake	ALL	249287588.24
2011	Dept of Defense	ALL	ALL OTHER PROFESSIONAL, SCIENTIFIC, AND TECHNICAL SERVICES	8199283.34
2011	ALL	ALL	OTHER COMPUTER RELATED SERVICES	26704077.74
2014	ALL	Newport News	ADMINISTRATIVE MANAGEMENT AND GENERAL MANAGEMENT CONSULTING SERVICES	359296.4
2013	ALL	Portsmouth	ENGINEERING SERVICES	720724.16
2011	ALL	Norfolk	RESEARCH AND DEVELOPMENT IN THE PHYSICAL, ENGINEERING, AND LIFE SCIENCES (EXCEPT BIOTECHNOLOGY)	4095266.12
2014	ALL	Virginia Beach	COMMERCIAL AND INSTITUTIONAL BUILDING CONSTRUCTION	481582
2013	ALL	ALL	CUSTOM COMPUTER PROGRAMMING SERVICES	62196.66
2013	National Aeronautics and Space Administration	Suffolk	ALL	5375
2014	ALL	ALL	ALL OTHER PROFESSIONAL, SCIENTIFIC, AND TECHNICAL SERVICES	3545578.21
2011	ALL	ALL	WIRED TELECOMMUNICATIONS CARRIERS	321292
2012	Dept of Defense	Gloucester	ALL	16413.88
2014	ALL	Suffolk	COMMERCIAL AND INSTITUTIONAL BUILDING CONSTRUCTION	27774
2011	ALL	Virginia Beach	SMALL ARMS MANUFACTURING	31547.67
2013	Dept of Defense	ALL	SHIP BUILDING AND REPAIRING	204567595.65
2012	National Aeronautics and Space Administration	York	ALL	379461.41
2012	Dept of Defense	ALL	OTHER SCIENTIFIC AND TECHNICAL CONSULTING SERVICES	782051.96
2011	ALL	Suffolk	COMPUTER AND COMPUTER PERIPHERAL EQUIPMENT AND SOFTWARE MERCHANT WHOLESALERS	33002.71
2014	ALL	Hampton	COMPUTER SYSTEMS DESIGN SERVICES	2049980.96
2014	ALL	Williamsburg	ALL	8911792.99
2012	ALL	ALL	ADMINISTRATIVE MANAGEMENT AND GENERAL MANAGEMENT CONSULTING SERVICES	9176535.08
2013	ALL	Suffolk	ENGINEERING SERVICES	449872
2012	Dept of Defense	ALL	CUSTOM COMPUTER PROGRAMMING SERVICES	115535
2013	ALL	Virginia Beach	OIL AND GAS PIPELINE AND RELATED STRUCTURES CONSTRUCTION	223928.84
2014	ALL	ALL	COMMERCIAL AND INSTITUTIONAL BUILDING CONSTRUCTION	36809171.48
2012	Dept of Defense	ALL	SHOWCASE, PARTITION, SHELVING, AND LOCKER MANUFACTURING	27122
2013	ALL	ALL	OTHER SCIENTIFIC AND TECHNICAL CONSULTING SERVICES	3806782.38
2012	Dept of Commerce	ALL	ALL	92400
2014	Dept of Veterans Affairs	ALL	ALL	2437227.48
2013	ALL	Suffolk	COMMERCIAL AND INSTITUTIONAL BUILDING CONSTRUCTION	98323
2013	ALL	Suffolk	ALL	896339.52
2013	ALL	Norfolk	OIL AND GAS PIPELINE AND RELATED STRUCTURES CONSTRUCTION	1505348
2013	ALL	Virginia Beach	MEDICAL, DENTAL, AND HOSPITAL EQUIPMENT AND SUPPLIES MERCHANT WHOLESALERS	2945955.63
2011	National Aeronautics and Space Administration	ALL	OTHER COMPUTER RELATED SERVICES	24582435.24
2012	ALL	ALL	WIRED TELECOMMUNICATIONS CARRIERS	222536
2012	ALL	Newport News	ADMINISTRATIVE MANAGEMENT AND GENERAL MANAGEMENT CONSULTING SERVICES	125377.85
2011	Dept of Defense	ALL	HIGHWAY, STREET, AND BRIDGE CONSTRUCTION	1153065.33
2013	ALL	Williamsburg	RESEARCH AND DEVELOPMENT IN THE PHYSICAL, ENGINEERING, AND LIFE SCIENCES (EXCEPT BIOTECHNOLOGY)	646538.89
2014	ALL	ALL	OTHER HEAVY AND CIVIL ENGINEERING CONSTRUCTION	468522.76
2011	ALL	Virginia Beach	ALL	58694348.43
2011	Dept of Defense	ALL	SHIP BUILDING AND REPAIRING	27241951.42
2013	ALL	ALL	MEDICAL, DENTAL, AND HOSPITAL EQUIPMENT AND SUPPLIES MERCHANT WHOLESALERS	3109441.15
2011	ALL	York	ALL	8895117.41
2012	Dept of Health and Human Services	ALL	ELECTRONIC COMPUTER MANUFACTURING	97154.08
2011	ALL	Chesapeake	SHIP BUILDING AND REPAIRING	309337
2014	ALL	Norfolk	PUMP AND PUMPING EQUIPMENT MANUFACTURING	33495
2012	Dept of Health and Human Services	ALL	ALL	242154.08
2014	National Aeronautics and Space Administration	ALL	RESEARCH AND DEVELOPMENT IN THE PHYSICAL, ENGINEERING, AND LIFE SCIENCES (EXCEPT BIOTECHNOLOGY)	3150823.48
